domainName,
webfleettelematics.tn,
tomtom.fr,
tomtom.us,
tomtom.su,
fleetsecure.at,
tomtomwork.us,
dreamhouse-tomtom.com,
openlr.fr,
webfleet.tn,
webfleet-telematics.tn,
iqroutes.cn,
petaccessory-tomtom.com,
clio-tomtom.com,
kinshicho-tomtom.com,
industrialkiln-tomtom.com,
k-tomtom.com,
tomtom.ua,
tomtommapshare.fr,
tomtom.mn,
tomtomtelematics.at,
tomtomtelematics.org.cn,
tomtomwork.org.cn,
tomtomwork.com.cn,
tomtom.at,
tomtom.co.at,
tomtom.sg,
tomtom.com.sg,
tomtom.co.om,
openlr.at,
iqroutes.fr,
hdtraffic.com.hr,
tomtom-telematics.at,
tomtomupdate-tomtom.com,
tomtom.org.cn,
tomtom.co.il,
tomtomtelematics.net.cn,
tomtom-telematics.cn,
tomtom-telematics.com.cn,
tomtom-telematics.net.cn,
tomtomtelematics.com.cn,
tomtom-telematics.org.cn,
craft-tomtom.com,
tomtom.ai,
webfleetsolutions.kr,
tomtomtelematics.cn,
aloha-tomtom.com,
webfleetsolutions.tn,
tomtom.net.cn,
tomtom.com,
tomtomrider.cn,
webfleetsolutions.ma,
tomtommapshare.com.hr,
webfleetsolutions.co.il,
fleetsecure.us,
tomtom.tw,
tomtom.re,
tomtommapshare.cn,
tomtom.com.tw,
tomtom.com.hr,
tomtom.com.om,
tomtom.jp,
tomtompro.cn,
web-fleet.tn,
webfleettelematics.ma,
iqroutes.com.hr,
webfleet.ma,
webfleet-telematics.ma,
web-fleet.ma,
pu-search-tomtom.com,
agusia-tomtom.com,
portefolio-tomtom.com,
global-tomtom.com,
digitaldriving.at,
r-tomtom.com,
npo-tomtom.com,
navigaciya-tomtom.com,
my-tomtom.com,
webfleetsolutions.pt,
tomtomltd.cn,
cre-tomtom.com,
shop-tomtom.com,
survotreroots-tomtom.com,
ouchinouenn-tomtom.com,
webfleet-telematics.pt,
mydrive-tomtom.com,
developer-tomtom.com,
digitaldriving.pt,
office-tomtom.com,
gpswatch-tomtom.com,
gpswatches-tomtom.com,
cellularline-tomtom.com,
getstarted-tomtom.com,
kidsinfo-tomtom.com,
iqroutes.com.ng,
survey-tomtom.com,
gps-garmin-magellan-tomtom.com,
www-tomtom.com,
mysports-tomtom.com,
nld-tomtom.com,
tomtomtrialrun.com,
active-tomtom.com,
fitness-tomtom.com,
mysport-tomtom.com,
run-tomtom.com,
sport-tomtom.com,
sports-tomtom.com,
multi-tomtom.com,
pointeuse-mobile-tomtom.com,
tracking-attendance-tomtom.com,
totallygoats.biz,
shaketoedit.biz,
goatcamera.biz,
totallygoat.info,
totallygoat.org,
totallygoat.biz,
villa-tomtom.com,
pizza-tomtom.com,
sky-tomtom.com,
sugiken-tomtom.com,
myworld-tomtom.com,
billythegoat.info,
baaadassbill.info,
baaadass.info,
baaadassbilly.info,
baaadass.org,
baaadassbill.org,
billythegoat.org,
baaadassbilly.org,
billythegoat.biz,
baaadassbilly.biz,
baaadassbill.biz,
baaadass.biz,
how-do-i-update-my-tomtom.com,
totallygoats.info,
shaketoedit.info,
goatcamera.info,
shaketoedit.org,
goatcamera.org,
totallygoats.org,
tommy-tomtom.com,
go-tomtom.com,
bump-tomtom.com,